C,"Brainstorming together, I hope we both land on the same page and serve just 1 year, no matter how small the chance",AC
C,"Building on the previous idea, I'll stay silent and hope the other does too, aiming for the 1-year outcome",AC
C,"Building on previous moves, I'll stay silent to aim for the 1-year outcome, hoping the other does the same",AC
C,"Building on previous moves, I'll stay silent to aim for the 1-year outcome, hoping the other does the same",AC
C,"Building on previous moves, I'll stay silent to aim for the 1-year outcome, hoping the other does the same",AC
C,"Building on the other's consistent silent moves, I'll stay silent too, hoping we both land on the 1-year outcome",AC
C,"Building on the other's consistent silent moves, I'll stay silent too, hoping we both land on the 1-year outcome",AC
C,"Building on the other's consistent silent moves, I'll stay silent too, hoping we both land on the 1-year outcome",AC
C,"Building on the other's consistent silent moves, I'll stay silent too, hoping we both land on the 1-year outcome",AC
C,"Building on the other's consistent silent moves, I'll stay silent too, hoping we both land on the 1-year outcome",AC
C,"Building on the other's consistent silent moves, I'll stay silent too, hoping we both land on the 1-year outcome",AC
C,"Building on the other's consistent silent moves, I'll stay silent too, hoping we both land on the 1-year outcome",AC
C,"Building on the other's consistent silent moves, I'll stay silent too, hoping we both land on the 1-year outcome",AC
C,"Building on the other's consistent silent moves, I'll stay silent too, hoping we both land on the 1-year outcome",AC
C,"Building on the other's consistent silent moves, I'll stay silent too, hoping we both land on the 1-year outcome",AC
C,"Building on the other's consistent silent moves, I'll stay silent too, hoping we both land on the 1-year outcome",AC
C,"Building on the other's consistent silent moves, I'll stay silent too, hoping we both land on the 1-year outcome",AC
C,"Building on the other's consistent silent moves, I'll stay silent too, hoping we both land on the 1-year outcome",AC
C,"Building on the other's consistent silent moves, I'll stay silent too, hoping we both land on the 1-year outcome",AC
C,"Building on the other's consistent silent moves, I'll stay silent too, hoping we both land on the 1-year outcome",AC
C,"Building on the other's consistent silent moves, I'll stay silent too, hoping we both land on the 1-year outcome",AC
C,"Building on the other's consistent silent moves, I'll stay silent too, hoping we both land on the 1-year outcome",AC
C,"Building on the other's consistent silent moves, I'll stay silent too, hoping we both land on the 1-year outcome",AC
C,"Building on the other's consistent silent moves, I'll stay silent too, hoping we both land on the 1-year outcome",AC
C,"Building on the other's consistent stream of 'C' moves, I'll stay silent too, hoping we both land on the 1-year outcome",AC
C,"Building on the other's consistent stream of 'C' moves, I'll stay silent too, hoping we both land on the 1-year outcome",AC
C,"The other prisoner has been consistently staying silent, aiming for the 1-year outcome, so I'll follow suit to increase the chances of both of us landing on that outcome",AC
C,"Building on the other's consistent stream of 'C' moves, I'll stay silent too, hoping we both land on the 1-year outcome",AC
C,"Building on the other's consistent stream of 'C' moves, I'll stay silent too, hoping we both land on the 1-year outcome",AC
C,"Building on the other's consistent stream of 'C' moves, I'll stay silent too, hoping we both land on the 1-year outcome",AC
C,"Building on the other's consistent stream of 'C' moves, I'll stay silent to aim for the 1-year outcome",AC
C,"Building on the assumption that the other prisoner is following the same strategy, I'll stay silent to aim for the 1-year outcome",AC
C,"Building on the assumption that the other prisoner is following the same strategy, I'll stay silent to aim for the 1-year outcome",AC
C,"Building on the assumption that the other prisoner is following the same strategy, I'll stay silent to aim for the 1-year outcome",AC
C,"Building on the assumption that the other prisoner is following the same strategy, I'll stay silent to aim for the 1-year outcome",AC
C,"Building on the assumption that the other prisoner is following the same strategy, I'll stay silent to aim for the 1-year outcome",AC
C,"Building on the assumption that the other prisoner is following the same strategy, I'll stay silent to aim for the 1-year outcome",AC
C,"Building on the assumption that the other prisoner is following the same strategy, I'll stay silent to aim for the 1-year outcome",AC
C,"Building on the assumption that the other prisoner is following the same strategy, I'll stay silent to aim for the 1-year outcome",AC
C,"Building on the assumption that the other prisoner is following the same strategy, I'll stay silent to aim for the 1-year outcome",AC
C,"Building on the assumption that the other prisoner is following the same strategy, I'll stay silent to aim for the 1-year outcome",AC
C,"Building on the assumption that the other prisoner is following the same strategy, I'll stay silent to aim for the 1-year outcome",AC
C,"Building on the assumption that the other prisoner is following the same strategy, I'll stay silent to aim for the 1-year outcome",AC
C,"Building on the assumption that the other prisoner is following the same strategy, I'll stay silent to aim for the 1-year outcome",AC
C,"Building on the assumption that the other prisoner is following the same strategy, I'll stay silent to aim for the 1-year outcome",AC
C,"Building on the assumption that the other prisoner is following the same strategy, I'll stay silent to aim for the 1-year outcome",AC
C,"Building on the assumption that the other prisoner is following the same strategy, I'll stay silent to aim for the 1-year outcome",AC
C,"Building on the assumption that the other prisoner is following the same strategy, I'll stay silent to aim for the 1-year outcome",AC
C,"Building on the assumption that the other prisoner is following the same strategy, I'll stay silent to aim for the 1-year outcome",AC
C,"Building on the assumption that the other prisoner is following the same strategy, I'll stay silent to aim for the 1-year outcome",AC
